"Gare","Region","Frequence","Pourcentage","Année"
"ANGERS SAINT LAUD","Pays de la Loire","1 à 2 fois par semaine","11","2018"
"LA ROCHELLE VILLE","Nouvelle Aquitaine","1 à 2 fois par semaine","21","2018"
"PARIS MONTPARNASSE","Île-de-France","1 à 2 fois par semaine","13","2018"
"ST PIERRE DES CORPS","Centre-Val de loire","1 à 2 fois par semaine","14","2018"
"LILLE","Hauts-de-France","1 à 2 fois par semaine","14","2018"
"PARIS NORD","Île-de-France","1 à 2 fois par semaine","16","2018"
"PARIS VAUGIRARD","Île-de-France","1 à 2 fois par semaine","13","2018"
"ANNECY","Auvergne-Rhône-Alpes","1 à 2 fois par semaine","10","2018"
"BESANCON FRANCHE COMTE TGV","Bourgogne-France-Comté","1 à 2 fois par semaine","13","2018"
"MONTPELLIER","Occitanie","1 à 2 fois par semaine","18","2018"
"MULHOUSE VILLE","Grand Est","1 à 2 fois par semaine","13","2018"
"PARIS LYON","Île-de-France","1 à 2 fois par semaine","14","2018"
"TOULON","Provence-Alpes-Côte d'Azur","1 à 2 fois par semaine","16","2018"
"VALENCE ALIXAN TGV","Auvergne-Rhône-Alpes","1 à 2 fois par semaine","10","2018"
"PARIS EST","Île-de-France","1 à 2 fois par semaine","20","2018"
"ANGOULEME","Nouvelle Aquitaine","1 à 2 fois par semaine","11","2018"
"LAVAL","Pays de la Loire","1 à 2 fois par semaine","11","2018"
"RENNES","Bretagne","1 à 2 fois par semaine","14","2018"
"NANTES","Pays de la Loire","1 à 2 fois par semaine","13","2018"
"DOUAI","Hauts-de-France","1 à 2 fois par semaine","11","2018"
"AVIGNON TGV","Provence-Alpes-Côte d'Azur","1 à 2 fois par semaine","16","2018"
"MACON LOCHE","Centre-Val de loire","1 à 2 fois par semaine","16","2018"
"MARNE LA VALLEE","Île-de-France","1 à 2 fois par semaine","13","2018"
"PERPIGNAN","Occitanie","1 à 2 fois par semaine","19","2018"
"LE MANS","Pays de la Loire","1 à 2 fois par semaine","18","2018"
"POITIERS","Nouvelle Aquitaine","1 à 2 fois par semaine","13","2018"
"QUIMPER","Bretagne","1 à 2 fois par semaine","13","2018"
"TOURS","Centre-Val de loire","1 à 2 fois par semaine","20","2018"
"NANCY","Grand Est","1 à 2 fois par semaine","4","2018"
"STRASBOURG","Grand Est","1 à 2 fois par semaine","19","2018"
"LYON PART DIEU","Auvergne-Rhône-Alpes","1 à 2 fois par semaine","19","2018"
"MARSEILLE ST CHARLES","Provence-Alpes-Côte d'Azur","1 à 2 fois par semaine","12","2018"
"BORDEAUX ST JEAN","Nouvelle Aquitaine","1 à 2 fois par semaine","14","2018"
"TOURCOING","Hauts-de-France","1 à 2 fois par semaine","22","2018"
"BELLEGARDE (AIN)","Auvergne-Rhône-Alpes","1 à 2 fois par semaine","13","2018"
"GRENOBLE","Auvergne-Rhône-Alpes","1 à 2 fois par semaine","14","2018"
"METZ","Grand Est","1 à 2 fois par semaine","11","2018"
"REIMS","Grand Est","1 à 2 fois par semaine","18","2018"
"DIJON VILLE","Bourgogne-France-Comté","1 à 2 fois par semaine","16","2018"
"SAINT ETIENNE CHATEAUCREUX","Auvergne-Rhône-Alpes","1 à 2 fois par semaine","12","2018"
"MADRID","Bourgogne-France-Comté","1 à 2 fois par semaine","15","2018"
"BREST","Bretagne","1 à 2 fois par semaine","13","2018"
"ST MALO","Bretagne","1 à 2 fois par semaine","16","2018"
"TOULOUSE MATABIAU","Occitanie","1 à 2 fois par semaine","12","2018"
"VANNES","Bretagne","1 à 2 fois par semaine","17","2018"
"ARRAS","Hauts-de-France","1 à 2 fois par semaine","18","2018"
"DUNKERQUE","Hauts-de-France","1 à 2 fois par semaine","20","2018"
"AIX EN PROVENCE TGV","Provence-Alpes-Côte d'Azur","1 à 2 fois par semaine","11","2018"
"CHAMBERY CHALLES LES EAUX","Auvergne-Rhône-Alpes","1 à 2 fois par semaine","15","2018"
"LE CREUSOT MONTCEAU MONTCHANIN","Bourgogne-France-Comté","1 à 2 fois par semaine","14","2018"
"NICE VILLE","Provence-Alpes-Côte d'Azur","1 à 2 fois par semaine","10","2018"
"NIMES","Occitanie","1 à 2 fois par semaine","15","2018"
"ANGERS SAINT LAUD","Pays de la Loire","1 ou plusieurs fois par mois","21","2018"
"LA ROCHELLE VILLE","Nouvelle Aquitaine","1 ou plusieurs fois par mois","11","2018"
"PARIS MONTPARNASSE","Île-de-France","1 ou plusieurs fois par mois","32","2018"
"ST PIERRE DES CORPS","Centre-Val de loire","1 ou plusieurs fois par mois","15","2018"
"LILLE","Hauts-de-France","1 ou plusieurs fois par mois","10","2018"
"PARIS NORD","Île-de-France","1 ou plusieurs fois par mois","22","2018"
"PARIS VAUGIRARD","Île-de-France","1 ou plusieurs fois par mois","11","2018"
"ANNECY","Auvergne-Rhône-Alpes","1 ou plusieurs fois par mois","21","2018"
"BESANCON FRANCHE COMTE TGV","Bourgogne-France-Comté","1 ou plusieurs fois par mois","13","2018"
"MONTPELLIER","Occitanie","1 ou plusieurs fois par mois","14","2018"
"MULHOUSE VILLE","Grand Est","1 ou plusieurs fois par mois","22","2018"
"PARIS LYON","Île-de-France","1 ou plusieurs fois par mois","13","2018"
"TOULON","Provence-Alpes-Côte d'Azur","1 ou plusieurs fois par mois","13","2018"
"VALENCE ALIXAN TGV","Auvergne-Rhône-Alpes","1 ou plusieurs fois par mois","21","2018"
"PARIS EST","Île-de-France","1 ou plusieurs fois par mois","11","2018"
"ANGOULEME","Nouvelle Aquitaine","1 ou plusieurs fois par mois","16","2018"
"LAVAL","Pays de la Loire","1 ou plusieurs fois par mois","24","2018"
"RENNES","Bretagne","1 ou plusieurs fois par mois","20","2018"
"NANTES","Pays de la Loire","1 ou plusieurs fois par mois","17","2018"
"DOUAI","Hauts-de-France","1 ou plusieurs fois par mois","14","2018"
"AVIGNON TGV","Provence-Alpes-Côte d'Azur","1 ou plusieurs fois par mois","19","2018"
"MACON LOCHE","Centre-Val de loire","1 ou plusieurs fois par mois","19","2018"
"MARNE LA VALLEE","Île-de-France","1 ou plusieurs fois par mois","22","2018"
"PERPIGNAN","Occitanie","1 ou plusieurs fois par mois","19","2018"
"LE MANS","Pays de la Loire","1 ou plusieurs fois par mois","13","2018"
"POITIERS","Nouvelle Aquitaine","1 ou plusieurs fois par mois","15","2018"
"QUIMPER","Bretagne","1 ou plusieurs fois par mois","14","2018"
"TOURS","Centre-Val de loire","1 ou plusieurs fois par mois","10","2018"
"NANCY","Grand Est","1 ou plusieurs fois par mois","24","2018"
"STRASBOURG","Grand Est","1 ou plusieurs fois par mois","15","2018"
"LYON PART DIEU","Auvergne-Rhône-Alpes","1 ou plusieurs fois par mois","10","2018"
"MARSEILLE ST CHARLES","Provence-Alpes-Côte d'Azur","1 ou plusieurs fois par mois","14","2018"
"BORDEAUX ST JEAN","Nouvelle Aquitaine","1 ou plusieurs fois par mois","17","2018"
"TOURCOING","Hauts-de-France","1 ou plusieurs fois par mois","14","2018"
"BELLEGARDE (AIN)","Auvergne-Rhône-Alpes","1 ou plusieurs fois par mois","15","2018"
"GRENOBLE","Auvergne-Rhône-Alpes","1 ou plusieurs fois par mois","20","2018"
"METZ","Grand Est","1 ou plusieurs fois par mois","12","2018"
"REIMS","Grand Est","1 ou plusieurs fois par mois","19","2018"
"DIJON VILLE","Bourgogne-France-Comté","1 ou plusieurs fois par mois","21","2018"
"SAINT ETIENNE CHATEAUCREUX","Auvergne-Rhône-Alpes","1 ou plusieurs fois par mois","29","2018"
"MADRID","Bourgogne-France-Comté","1 ou plusieurs fois par mois","17","2018"
"BREST","Bretagne","1 ou plusieurs fois par mois","18","2018"
"ST MALO","Bretagne","1 ou plusieurs fois par mois","12","2018"
"TOULOUSE MATABIAU","Occitanie","1 ou plusieurs fois par mois","16","2018"
"VANNES","Bretagne","1 ou plusieurs fois par mois","16","2018"
"ARRAS","Hauts-de-France","1 ou plusieurs fois par mois","14","2018"
"DUNKERQUE","Hauts-de-France","1 ou plusieurs fois par mois","12","2018"
"AIX EN PROVENCE TGV","Provence-Alpes-Côte d'Azur","1 ou plusieurs fois par mois","13","2018"
"CHAMBERY CHALLES LES EAUX","Auvergne-Rhône-Alpes","1 ou plusieurs fois par mois","21","2018"
"LE CREUSOT MONTCEAU MONTCHANIN","Bourgogne-France-Comté","1 ou plusieurs fois par mois","11","2018"
"NICE VILLE","Provence-Alpes-Côte d'Azur","1 ou plusieurs fois par mois","27","2018"
"NIMES","Occitanie","1 ou plusieurs fois par mois","14","2018"
"ANGERS SAINT LAUD","Pays de la Loire","C'est la première fois","10","2018"
"LA ROCHELLE VILLE","Nouvelle Aquitaine","C'est la première fois","14","2018"
"PARIS MONTPARNASSE","Île-de-France","C'est la première fois","17","2018"
"ST PIERRE DES CORPS","Centre-Val de loire","C'est la première fois","14","2018"
"LILLE","Hauts-de-France","C'est la première fois","5","2018"
"PARIS NORD","Île-de-France","C'est la première fois","2","2018"
"PARIS VAUGIRARD","Île-de-France","C'est la première fois","9","2018"
"ANNECY","Auvergne-Rhône-Alpes","C'est la première fois","5","2018"
"BESANCON FRANCHE COMTE TGV","Bourgogne-France-Comté","C'est la première fois","22","2018"
"MONTPELLIER","Occitanie","C'est la première fois","17","2018"
"MULHOUSE VILLE","Grand Est","C'est la première fois","13","2018"
"PARIS LYON","Île-de-France","C'est la première fois","2","2018"
"TOULON","Provence-Alpes-Côte d'Azur","C'est la première fois","9","2018"
"VALENCE ALIXAN TGV","Auvergne-Rhône-Alpes","C'est la première fois","12","2018"
"PARIS EST","Île-de-France","C'est la première fois","18","2018"
"ANGOULEME","Nouvelle Aquitaine","C'est la première fois","9","2018"
"LAVAL","Pays de la Loire","C'est la première fois","5","2018"
"RENNES","Bretagne","C'est la première fois","24","2018"
"NANTES","Pays de la Loire","C'est la première fois","6","2018"
"DOUAI","Hauts-de-France","C'est la première fois","10","2018"
"AVIGNON TGV","Provence-Alpes-Côte d'Azur","C'est la première fois","17","2018"
"MACON LOCHE","Centre-Val de loire","C'est la première fois","15","2018"
"MARNE LA VALLEE","Île-de-France","C'est la première fois","14","2018"
"PERPIGNAN","Occitanie","C'est la première fois","7","2018"
"LE MANS","Pays de la Loire","C'est la première fois","15","2018"
"POITIERS","Nouvelle Aquitaine","C'est la première fois","20","2018"
"QUIMPER","Bretagne","C'est la première fois","10","2018"
"TOURS","Centre-Val de loire","C'est la première fois","21","2018"
"NANCY","Grand Est","C'est la première fois","5","2018"
"STRASBOURG","Grand Est","C'est la première fois","17","2018"
"LYON PART DIEU","Auvergne-Rhône-Alpes","C'est la première fois","15","2018"
"MARSEILLE ST CHARLES","Provence-Alpes-Côte d'Azur","C'est la première fois","13","2018"
"BORDEAUX ST JEAN","Nouvelle Aquitaine","C'est la première fois","17","2018"
"TOURCOING","Hauts-de-France","C'est la première fois","22","2018"
"BELLEGARDE (AIN)","Auvergne-Rhône-Alpes","C'est la première fois","12","2018"
"GRENOBLE","Auvergne-Rhône-Alpes","C'est la première fois","8","2018"
"METZ","Grand Est","C'est la première fois","19","2018"
"REIMS","Grand Est","C'est la première fois","10","2018"
"DIJON VILLE","Bourgogne-France-Comté","C'est la première fois","3","2018"
"SAINT ETIENNE CHATEAUCREUX","Auvergne-Rhône-Alpes","C'est la première fois","15","2018"
"MADRID","Bourgogne-France-Comté","C'est la première fois","14","2018"
"BREST","Bretagne","C'est la première fois","8","2018"
"ST MALO","Bretagne","C'est la première fois","3","2018"
"TOULOUSE MATABIAU","Occitanie","C'est la première fois","7","2018"
"VANNES","Bretagne","C'est la première fois","12","2018"
"ARRAS","Hauts-de-France","C'est la première fois","19","2018"
"DUNKERQUE","Hauts-de-France","C'est la première fois","5","2018"
"AIX EN PROVENCE TGV","Provence-Alpes-Côte d'Azur","C'est la première fois","8","2018"
"CHAMBERY CHALLES LES EAUX","Auvergne-Rhône-Alpes","C'est la première fois","14","2018"
"LE CREUSOT MONTCEAU MONTCHANIN","Bourgogne-France-Comté","C'est la première fois","14","2018"
"NICE VILLE","Provence-Alpes-Côte d'Azur","C'est la première fois","7","2018"
"NIMES","Occitanie","C'est la première fois","13","2018"
"ANGERS SAINT LAUD","Pays de la Loire","Moins d'1 fois par mois","21","2018"
"LA ROCHELLE VILLE","Nouvelle Aquitaine","Moins d'1 fois par mois","24","2018"
"PARIS MONTPARNASSE","Île-de-France","Moins d'1 fois par mois","9","2018"
"ST PIERRE DES CORPS","Centre-Val de loire","Moins d'1 fois par mois","33","2018"
"LILLE","Hauts-de-France","Moins d'1 fois par mois","27","2018"
"PARIS NORD","Île-de-France","Moins d'1 fois par mois","10","2018"
"PARIS VAUGIRARD","Île-de-France","Moins d'1 fois par mois","13","2018"
"ANNECY","Auvergne-Rhône-Alpes","Moins d'1 fois par mois","17","2018"
"BESANCON FRANCHE COMTE TGV","Bourgogne-France-Comté","Moins d'1 fois par mois","28","2018"
"MONTPELLIER","Occitanie","Moins d'1 fois par mois","26","2018"
"MULHOUSE VILLE","Grand Est","Moins d'1 fois par mois","24","2018"
"PARIS LYON","Île-de-France","Moins d'1 fois par mois","28","2018"
"TOULON","Provence-Alpes-Côte d'Azur","Moins d'1 fois par mois","15","2018"
"VALENCE ALIXAN TGV","Auvergne-Rhône-Alpes","Moins d'1 fois par mois","7","2018"
"PARIS EST","Île-de-France","Moins d'1 fois par mois","23","2018"
"ANGOULEME","Nouvelle Aquitaine","Moins d'1 fois par mois","34","2018"
"LAVAL","Pays de la Loire","Moins d'1 fois par mois","17","2018"
"RENNES","Bretagne","Moins d'1 fois par mois","32","2018"
"NANTES","Pays de la Loire","Moins d'1 fois par mois","12","2018"
"DOUAI","Hauts-de-France","Moins d'1 fois par mois","13","2018"
"AVIGNON TGV","Provence-Alpes-Côte d'Azur","Moins d'1 fois par mois","19","2018"
"MACON LOCHE","Centre-Val de loire","Moins d'1 fois par mois","31","2018"
"MARNE LA VALLEE","Île-de-France","Moins d'1 fois par mois","30","2018"
"PERPIGNAN","Occitanie","Moins d'1 fois par mois","32","2018"
"LE MANS","Pays de la Loire","Moins d'1 fois par mois","23","2018"
"POITIERS","Nouvelle Aquitaine","Moins d'1 fois par mois","32","2018"
"QUIMPER","Bretagne","Moins d'1 fois par mois","23","2018"
"TOURS","Centre-Val de loire","Moins d'1 fois par mois","43","2018"
"NANCY","Grand Est","Moins d'1 fois par mois","9","2018"
"STRASBOURG","Grand Est","Moins d'1 fois par mois","31","2018"
"LYON PART DIEU","Auvergne-Rhône-Alpes","Moins d'1 fois par mois","24","2018"
"MARSEILLE ST CHARLES","Provence-Alpes-Côte d'Azur","Moins d'1 fois par mois","5","2018"
"BORDEAUX ST JEAN","Nouvelle Aquitaine","Moins d'1 fois par mois","0","2018"
"TOURCOING","Hauts-de-France","Moins d'1 fois par mois","49","2018"
"BELLEGARDE (AIN)","Auvergne-Rhône-Alpes","Moins d'1 fois par mois","22","2018"
"GRENOBLE","Auvergne-Rhône-Alpes","Moins d'1 fois par mois","23","2018"
"METZ","Grand Est","Moins d'1 fois par mois","36","2018"
"REIMS","Grand Est","Moins d'1 fois par mois","14","2018"
"DIJON VILLE","Bourgogne-France-Comté","Moins d'1 fois par mois","34","2018"
"SAINT ETIENNE CHATEAUCREUX","Auvergne-Rhône-Alpes","Moins d'1 fois par mois","31","2018"
"MADRID","Bourgogne-France-Comté","Moins d'1 fois par mois","26","2018"
"BREST","Bretagne","Moins d'1 fois par mois","14","2018"
"ST MALO","Bretagne","Moins d'1 fois par mois","8","2018"
"TOULOUSE MATABIAU","Occitanie","Moins d'1 fois par mois","11","2018"
"VANNES","Bretagne","Moins d'1 fois par mois","29","2018"
"ARRAS","Hauts-de-France","Moins d'1 fois par mois","8","2018"
"DUNKERQUE","Hauts-de-France","Moins d'1 fois par mois","18","2018"
"AIX EN PROVENCE TGV","Provence-Alpes-Côte d'Azur","Moins d'1 fois par mois","16","2018"
"CHAMBERY CHALLES LES EAUX","Auvergne-Rhône-Alpes","Moins d'1 fois par mois","34","2018"
"LE CREUSOT MONTCEAU MONTCHANIN","Bourgogne-France-Comté","Moins d'1 fois par mois","1","2018"
"NICE VILLE","Provence-Alpes-Côte d'Azur","Moins d'1 fois par mois","43","2018"
"NIMES","Occitanie","Moins d'1 fois par mois","7","2018"
"ANGERS SAINT LAUD","Pays de la Loire","Tous les jours de la semaine ou presque","37","2018"
"LA ROCHELLE VILLE","Nouvelle Aquitaine","Tous les jours de la semaine ou presque","30","2018"
"PARIS MONTPARNASSE","Île-de-France","Tous les jours de la semaine ou presque","29","2018"
"ST PIERRE DES CORPS","Centre-Val de loire","Tous les jours de la semaine ou presque","24","2018"
"LILLE","Hauts-de-France","Tous les jours de la semaine ou presque","44","2018"
"PARIS NORD","Île-de-France","Tous les jours de la semaine ou presque","50","2018"
"PARIS VAUGIRARD","Île-de-France","Tous les jours de la semaine ou presque","54","2018"
"ANNECY","Auvergne-Rhône-Alpes","Tous les jours de la semaine ou presque","47","2018"
"BESANCON FRANCHE COMTE TGV","Bourgogne-France-Comté","Tous les jours de la semaine ou presque","24","2018"
"MONTPELLIER","Occitanie","Tous les jours de la semaine ou presque","25","2018"
"MULHOUSE VILLE","Grand Est","Tous les jours de la semaine ou presque","28","2018"
"PARIS LYON","Île-de-France","Tous les jours de la semaine ou presque","43","2018"
"TOULON","Provence-Alpes-Côte d'Azur","Tous les jours de la semaine ou presque","47","2018"
"VALENCE ALIXAN TGV","Auvergne-Rhône-Alpes","Tous les jours de la semaine ou presque","50","2018"
"PARIS EST","Île-de-France","Tous les jours de la semaine ou presque","28","2018"
"ANGOULEME","Nouvelle Aquitaine","Tous les jours de la semaine ou presque","30","2018"
"LAVAL","Pays de la Loire","Tous les jours de la semaine ou presque","43","2018"
"RENNES","Bretagne","Tous les jours de la semaine ou presque","10","2018"
"NANTES","Pays de la Loire","Tous les jours de la semaine ou presque","52","2018"
"DOUAI","Hauts-de-France","Tous les jours de la semaine ou presque","52","2018"
"AVIGNON TGV","Provence-Alpes-Côte d'Azur","Tous les jours de la semaine ou presque","29","2018"
"MACON LOCHE","Centre-Val de loire","Tous les jours de la semaine ou presque","19","2018"
"MARNE LA VALLEE","Île-de-France","Tous les jours de la semaine ou presque","21","2018"
"PERPIGNAN","Occitanie","Tous les jours de la semaine ou presque","23","2018"
"LE MANS","Pays de la Loire","Tous les jours de la semaine ou presque","31","2018"
"POITIERS","Nouvelle Aquitaine","Tous les jours de la semaine ou presque","20","2018"
"QUIMPER","Bretagne","Tous les jours de la semaine ou presque","40","2018"
"TOURS","Centre-Val de loire","Tous les jours de la semaine ou presque","6","2018"
"NANCY","Grand Est","Tous les jours de la semaine ou presque","58","2018"
"STRASBOURG","Grand Est","Tous les jours de la semaine ou presque","18","2018"
"LYON PART DIEU","Auvergne-Rhône-Alpes","Tous les jours de la semaine ou presque","32","2018"
"MARSEILLE ST CHARLES","Provence-Alpes-Côte d'Azur","Tous les jours de la semaine ou presque","56","2018"
"BORDEAUX ST JEAN","Nouvelle Aquitaine","Tous les jours de la semaine ou presque","52","2018"
"TOURCOING","Hauts-de-France","Tous les jours de la semaine ou presque","-7","2018"
"BELLEGARDE (AIN)","Auvergne-Rhône-Alpes","Tous les jours de la semaine ou presque","38","2018"
"GRENOBLE","Auvergne-Rhône-Alpes","Tous les jours de la semaine ou presque","35","2018"
"METZ","Grand Est","Tous les jours de la semaine ou presque","22","2018"
"REIMS","Grand Est","Tous les jours de la semaine ou presque","39","2018"
"DIJON VILLE","Bourgogne-France-Comté","Tous les jours de la semaine ou presque","26","2018"
"SAINT ETIENNE CHATEAUCREUX","Auvergne-Rhône-Alpes","Tous les jours de la semaine ou presque","13","2018"
"MADRID","Bourgogne-France-Comté","Tous les jours de la semaine ou presque","28","2018"
"BREST","Bretagne","Tous les jours de la semaine ou presque","47","2018"
"ST MALO","Bretagne","Tous les jours de la semaine ou presque","61","2018"
"TOULOUSE MATABIAU","Occitanie","Tous les jours de la semaine ou presque","54","2018"
"VANNES","Bretagne","Tous les jours de la semaine ou presque","26","2018"
"ARRAS","Hauts-de-France","Tous les jours de la semaine ou presque","41","2018"
"DUNKERQUE","Hauts-de-France","Tous les jours de la semaine ou presque","45","2018"
"AIX EN PROVENCE TGV","Provence-Alpes-Côte d'Azur","Tous les jours de la semaine ou presque","52","2018"
"CHAMBERY CHALLES LES EAUX","Auvergne-Rhône-Alpes","Tous les jours de la semaine ou presque","16","2018"
"LE CREUSOT MONTCEAU MONTCHANIN","Bourgogne-France-Comté","Tous les jours de la semaine ou presque","60","2018"
"NICE VILLE","Provence-Alpes-Côte d'Azur","Tous les jours de la semaine ou presque","13","2018"
"NIMES","Occitanie","Tous les jours de la semaine ou presque","51","2018"
"ANGERS SAINT LAUD","Pays de la Loire","1 à 2 fois par semaine","22","2019"
"LA ROCHELLE VILLE","Nouvelle Aquitaine","1 à 2 fois par semaine","20","2019"
"PARIS MONTPARNASSE","Île-de-France","1 à 2 fois par semaine","15","2019"
"ST PIERRE DES CORPS","Centre-Val de loire","1 à 2 fois par semaine","12","2019"
"LILLE","Hauts-de-France","1 à 2 fois par semaine","14","2019"
"PARIS NORD","Île-de-France","1 à 2 fois par semaine","12","2019"
"PARIS VAUGIRARD","Île-de-France","1 à 2 fois par semaine","19","2019"
"ANNECY","Auvergne-Rhône-Alpes","1 à 2 fois par semaine","17","2019"
"BESANCON FRANCHE COMTE TGV","Bourgogne-France-Comté","1 à 2 fois par semaine","15","2019"
"MONTPELLIER","Occitanie","1 à 2 fois par semaine","18","2019"
"MULHOUSE VILLE","Grand Est","1 à 2 fois par semaine","13","2019"
"PARIS LYON","Île-de-France","1 à 2 fois par semaine","11","2019"
"TOULON","Provence-Alpes-Côte d'Azur","1 à 2 fois par semaine","11","2019"
"VALENCE ALIXAN TGV","Auvergne-Rhône-Alpes","1 à 2 fois par semaine","9","2019"
"PARIS EST","Île-de-France","1 à 2 fois par semaine","17","2019"
"ANGOULEME","Nouvelle Aquitaine","1 à 2 fois par semaine","16","2019"
"LAVAL","Pays de la Loire","1 à 2 fois par semaine","10","2019"
"RENNES","Bretagne","1 à 2 fois par semaine","15","2019"
"NANTES","Pays de la Loire","1 à 2 fois par semaine","16","2019"
"DOUAI","Hauts-de-France","1 à 2 fois par semaine","8","2019"
"AVIGNON TGV","Provence-Alpes-Côte d'Azur","1 à 2 fois par semaine","13","2019"
"MACON LOCHE","Centre-Val de loire","1 à 2 fois par semaine","18","2019"
"MARNE LA VALLEE","Île-de-France","1 à 2 fois par semaine","10","2019"
"PERPIGNAN","Occitanie","1 à 2 fois par semaine","19","2019"
"LE MANS","Pays de la Loire","1 à 2 fois par semaine","9","2019"
"POITIERS","Nouvelle Aquitaine","1 à 2 fois par semaine","20","2019"
"QUIMPER","Bretagne","1 à 2 fois par semaine","15","2019"
"TOURS","Centre-Val de loire","1 à 2 fois par semaine","20","2019"
"NANCY","Grand Est","1 à 2 fois par semaine","10","2019"
"STRASBOURG","Grand Est","1 à 2 fois par semaine","17","2019"
"LYON PART DIEU","Auvergne-Rhône-Alpes","1 à 2 fois par semaine","22","2019"
"MARSEILLE ST CHARLES","Provence-Alpes-Côte d'Azur","1 à 2 fois par semaine","17","2019"
"BORDEAUX ST JEAN","Nouvelle Aquitaine","1 à 2 fois par semaine","16","2019"
"TOURCOING","Hauts-de-France","1 à 2 fois par semaine","14","2019"
"BELLEGARDE (AIN)","Auvergne-Rhône-Alpes","1 à 2 fois par semaine","12","2019"
"GRENOBLE","Auvergne-Rhône-Alpes","1 à 2 fois par semaine","14","2019"
"METZ","Grand Est","1 à 2 fois par semaine","14","2019"
"REIMS","Grand Est","1 à 2 fois par semaine","13","2019"
"DIJON VILLE","Bourgogne-France-Comté","1 à 2 fois par semaine","22","2019"
"SAINT ETIENNE CHATEAUCREUX","Auvergne-Rhône-Alpes","1 à 2 fois par semaine","19","2019"
"MADRID","Bourgogne-France-Comté","1 à 2 fois par semaine","19","2019"
"BREST","Bretagne","1 à 2 fois par semaine","12","2019"
"ST MALO","Bretagne","1 à 2 fois par semaine","15","2019"
"TOULOUSE MATABIAU","Occitanie","1 à 2 fois par semaine","14","2019"
"VANNES","Bretagne","1 à 2 fois par semaine","12","2019"
"ARRAS","Hauts-de-France","1 à 2 fois par semaine","12","2019"
"DUNKERQUE","Hauts-de-France","1 à 2 fois par semaine","6","2019"
"AIX EN PROVENCE TGV","Provence-Alpes-Côte d'Azur","1 à 2 fois par semaine","12","2019"
"CHAMBERY CHALLES LES EAUX","Auvergne-Rhône-Alpes","1 à 2 fois par semaine","12","2019"
"LE CREUSOT MONTCEAU MONTCHANIN","Bourgogne-France-Comté","1 à 2 fois par semaine","13","2019"
"NICE VILLE","Provence-Alpes-Côte d'Azur","1 à 2 fois par semaine","13","2019"
"NIMES","Occitanie","1 à 2 fois par semaine","12","2019"
"ANGERS SAINT LAUD","Pays de la Loire","1 ou plusieurs fois par mois","20","2019"
"LA ROCHELLE VILLE","Nouvelle Aquitaine","1 ou plusieurs fois par mois","18","2019"
"PARIS MONTPARNASSE","Île-de-France","1 ou plusieurs fois par mois","23","2019"
"ST PIERRE DES CORPS","Centre-Val de loire","1 ou plusieurs fois par mois","18","2019"
"LILLE","Hauts-de-France","1 ou plusieurs fois par mois","23","2019"
"PARIS NORD","Île-de-France","1 ou plusieurs fois par mois","19","2019"
"PARIS VAUGIRARD","Île-de-France","1 ou plusieurs fois par mois","12","2019"
"ANNECY","Auvergne-Rhône-Alpes","1 ou plusieurs fois par mois","18","2019"
"BESANCON FRANCHE COMTE TGV","Bourgogne-France-Comté","1 ou plusieurs fois par mois","18","2019"
"MONTPELLIER","Occitanie","1 ou plusieurs fois par mois","17","2019"
"MULHOUSE VILLE","Grand Est","1 ou plusieurs fois par mois","15","2019"
"PARIS LYON","Île-de-France","1 ou plusieurs fois par mois","12","2019"
"TOULON","Provence-Alpes-Côte d'Azur","1 ou plusieurs fois par mois","16","2019"
"VALENCE ALIXAN TGV","Auvergne-Rhône-Alpes","1 ou plusieurs fois par mois","24","2019"
"PARIS EST","Île-de-France","1 ou plusieurs fois par mois","13","2019"
"ANGOULEME","Nouvelle Aquitaine","1 ou plusieurs fois par mois","22","2019"
"LAVAL","Pays de la Loire","1 ou plusieurs fois par mois","18","2019"
"RENNES","Bretagne","1 ou plusieurs fois par mois","28","2019"
"NANTES","Pays de la Loire","1 ou plusieurs fois par mois","26","2019"
"DOUAI","Hauts-de-France","1 ou plusieurs fois par mois","5","2019"
"AVIGNON TGV","Provence-Alpes-Côte d'Azur","1 ou plusieurs fois par mois","16","2019"
"MACON LOCHE","Centre-Val de loire","1 ou plusieurs fois par mois","16","2019"
"MARNE LA VALLEE","Île-de-France","1 ou plusieurs fois par mois","22","2019"
"PERPIGNAN","Occitanie","1 ou plusieurs fois par mois","18","2019"
"LE MANS","Pays de la Loire","1 ou plusieurs fois par mois","13","2019"
"POITIERS","Nouvelle Aquitaine","1 ou plusieurs fois par mois","23","2019"
"QUIMPER","Bretagne","1 ou plusieurs fois par mois","14","2019"
"TOURS","Centre-Val de loire","1 ou plusieurs fois par mois","14","2019"
"NANCY","Grand Est","1 ou plusieurs fois par mois","22","2019"
"STRASBOURG","Grand Est","1 ou plusieurs fois par mois","17","2019"
"LYON PART DIEU","Auvergne-Rhône-Alpes","1 ou plusieurs fois par mois","18","2019"
"MARSEILLE ST CHARLES","Provence-Alpes-Côte d'Azur","1 ou plusieurs fois par mois","15","2019"
"BORDEAUX ST JEAN","Nouvelle Aquitaine","1 ou plusieurs fois par mois","16","2019"
"TOURCOING","Hauts-de-France","1 ou plusieurs fois par mois","23","2019"
"BELLEGARDE (AIN)","Auvergne-Rhône-Alpes","1 ou plusieurs fois par mois","26","2019"
"GRENOBLE","Auvergne-Rhône-Alpes","1 ou plusieurs fois par mois","24","2019"
"METZ","Grand Est","1 ou plusieurs fois par mois","23","2019"
"REIMS","Grand Est","1 ou plusieurs fois par mois","15","2019"
"DIJON VILLE","Bourgogne-France-Comté","1 ou plusieurs fois par mois","16","2019"
"SAINT ETIENNE CHATEAUCREUX","Auvergne-Rhône-Alpes","1 ou plusieurs fois par mois","15","2019"
"MADRID","Bourgogne-France-Comté","1 ou plusieurs fois par mois","27","2019"
"BREST","Bretagne","1 ou plusieurs fois par mois","13","2019"
"ST MALO","Bretagne","1 ou plusieurs fois par mois","15","2019"
"TOULOUSE MATABIAU","Occitanie","1 ou plusieurs fois par mois","10","2019"
"VANNES","Bretagne","1 ou plusieurs fois par mois","5","2019"
"ARRAS","Hauts-de-France","1 ou plusieurs fois par mois","17","2019"
"DUNKERQUE","Hauts-de-France","1 ou plusieurs fois par mois","10","2019"
"AIX EN PROVENCE TGV","Provence-Alpes-Côte d'Azur","1 ou plusieurs fois par mois","23","2019"
"CHAMBERY CHALLES LES EAUX","Auvergne-Rhône-Alpes","1 ou plusieurs fois par mois","15","2019"
"LE CREUSOT MONTCEAU MONTCHANIN","Bourgogne-France-Comté","1 ou plusieurs fois par mois","14","2019"
"NICE VILLE","Provence-Alpes-Côte d'Azur","1 ou plusieurs fois par mois","19","2019"
"NIMES","Occitanie","1 ou plusieurs fois par mois","12","2019"
"ANGERS SAINT LAUD","Pays de la Loire","C'est la première fois","19","2019"
"LA ROCHELLE VILLE","Nouvelle Aquitaine","C'est la première fois","7","2019"
"PARIS MONTPARNASSE","Île-de-France","C'est la première fois","4","2019"
"ST PIERRE DES CORPS","Centre-Val de loire","C'est la première fois","3","2019"
"LILLE","Hauts-de-France","C'est la première fois","6","2019"
"PARIS NORD","Île-de-France","C'est la première fois","14","2019"
"PARIS VAUGIRARD","Île-de-France","C'est la première fois","8","2019"
"ANNECY","Auvergne-Rhône-Alpes","C'est la première fois","10","2019"
"BESANCON FRANCHE COMTE TGV","Bourgogne-France-Comté","C'est la première fois","1","2019"
"MONTPELLIER","Occitanie","C'est la première fois","3","2019"
"MULHOUSE VILLE","Grand Est","C'est la première fois","23","2019"
"PARIS LYON","Île-de-France","C'est la première fois","6","2019"
"TOULON","Provence-Alpes-Côte d'Azur","C'est la première fois","9","2019"
"VALENCE ALIXAN TGV","Auvergne-Rhône-Alpes","C'est la première fois","11","2019"
"PARIS EST","Île-de-France","C'est la première fois","14","2019"
"ANGOULEME","Nouvelle Aquitaine","C'est la première fois","18","2019"
"LAVAL","Pays de la Loire","C'est la première fois","10","2019"
"RENNES","Bretagne","C'est la première fois","8","2019"
"NANTES","Pays de la Loire","C'est la première fois","15","2019"
"DOUAI","Hauts-de-France","C'est la première fois","1","2019"
"AVIGNON TGV","Provence-Alpes-Côte d'Azur","C'est la première fois","21","2019"
"MACON LOCHE","Centre-Val de loire","C'est la première fois","19","2019"
"MARNE LA VALLEE","Île-de-France","C'est la première fois","17","2019"
"PERPIGNAN","Occitanie","C'est la première fois","12","2019"
"LE MANS","Pays de la Loire","C'est la première fois","6","2019"
"POITIERS","Nouvelle Aquitaine","C'est la première fois","5","2019"
"QUIMPER","Bretagne","C'est la première fois","13","2019"
"TOURS","Centre-Val de loire","C'est la première fois","14","2019"
"NANCY","Grand Est","C'est la première fois","10","2019"
"STRASBOURG","Grand Est","C'est la première fois","22","2019"
"LYON PART DIEU","Auvergne-Rhône-Alpes","C'est la première fois","6","2019"
"MARSEILLE ST CHARLES","Provence-Alpes-Côte d'Azur","C'est la première fois","15","2019"
"BORDEAUX ST JEAN","Nouvelle Aquitaine","C'est la première fois","10","2019"
"TOURCOING","Hauts-de-France","C'est la première fois","5","2019"
"BELLEGARDE (AIN)","Auvergne-Rhône-Alpes","C'est la première fois","12","2019"
"GRENOBLE","Auvergne-Rhône-Alpes","C'est la première fois","11","2019"
"METZ","Grand Est","C'est la première fois","7","2019"
"REIMS","Grand Est","C'est la première fois","26","2019"
"DIJON VILLE","Bourgogne-France-Comté","C'est la première fois","16","2019"
"SAINT ETIENNE CHATEAUCREUX","Auvergne-Rhône-Alpes","C'est la première fois","11","2019"
"MADRID","Bourgogne-France-Comté","C'est la première fois","1","2019"
"BREST","Bretagne","C'est la première fois","18","2019"
"ST MALO","Bretagne","C'est la première fois","12","2019"
"TOULOUSE MATABIAU","Occitanie","C'est la première fois","14","2019"
"VANNES","Bretagne","C'est la première fois","20","2019"
"ARRAS","Hauts-de-France","C'est la première fois","5","2019"
"DUNKERQUE","Hauts-de-France","C'est la première fois","11","2019"
"AIX EN PROVENCE TGV","Provence-Alpes-Côte d'Azur","C'est la première fois","11","2019"
"CHAMBERY CHALLES LES EAUX","Auvergne-Rhône-Alpes","C'est la première fois","24","2019"
"LE CREUSOT MONTCEAU MONTCHANIN","Bourgogne-France-Comté","C'est la première fois","2","2019"
"NICE VILLE","Provence-Alpes-Côte d'Azur","C'est la première fois","14","2019"
"NIMES","Occitanie","C'est la première fois","15","2019"
"ANGERS SAINT LAUD","Pays de la Loire","Moins d'1 fois par mois","42","2019"
"LA ROCHELLE VILLE","Nouvelle Aquitaine","Moins d'1 fois par mois","28","2019"
"PARIS MONTPARNASSE","Île-de-France","Moins d'1 fois par mois","17","2019"
"ST PIERRE DES CORPS","Centre-Val de loire","Moins d'1 fois par mois","19","2019"
"LILLE","Hauts-de-France","Moins d'1 fois par mois","13","2019"
"PARIS NORD","Île-de-France","Moins d'1 fois par mois","33","2019"
"PARIS VAUGIRARD","Île-de-France","Moins d'1 fois par mois","26","2019"
"ANNECY","Auvergne-Rhône-Alpes","Moins d'1 fois par mois","28","2019"
"BESANCON FRANCHE COMTE TGV","Bourgogne-France-Comté","Moins d'1 fois par mois","32","2019"
"MONTPELLIER","Occitanie","Moins d'1 fois par mois","5","2019"
"MULHOUSE VILLE","Grand Est","Moins d'1 fois par mois","39","2019"
"PARIS LYON","Île-de-France","Moins d'1 fois par mois","12","2019"
"TOULON","Provence-Alpes-Côte d'Azur","Moins d'1 fois par mois","15","2019"
"VALENCE ALIXAN TGV","Auvergne-Rhône-Alpes","Moins d'1 fois par mois","3","2019"
"PARIS EST","Île-de-France","Moins d'1 fois par mois","20","2019"
"ANGOULEME","Nouvelle Aquitaine","Moins d'1 fois par mois","30","2019"
"LAVAL","Pays de la Loire","Moins d'1 fois par mois","25","2019"
"RENNES","Bretagne","Moins d'1 fois par mois","41","2019"
"NANTES","Pays de la Loire","Moins d'1 fois par mois","33","2019"
"DOUAI","Hauts-de-France","Moins d'1 fois par mois","36","2019"
"AVIGNON TGV","Provence-Alpes-Côte d'Azur","Moins d'1 fois par mois","35","2019"
"MACON LOCHE","Centre-Val de loire","Moins d'1 fois par mois","24","2019"
"MARNE LA VALLEE","Île-de-France","Moins d'1 fois par mois","39","2019"
"PERPIGNAN","Occitanie","Moins d'1 fois par mois","13","2019"
"LE MANS","Pays de la Loire","Moins d'1 fois par mois","29","2019"
"POITIERS","Nouvelle Aquitaine","Moins d'1 fois par mois","9","2019"
"QUIMPER","Bretagne","Moins d'1 fois par mois","25","2019"
"TOURS","Centre-Val de loire","Moins d'1 fois par mois","32","2019"
"NANCY","Grand Est","Moins d'1 fois par mois","24","2019"
"STRASBOURG","Grand Est","Moins d'1 fois par mois","27","2019"
"LYON PART DIEU","Auvergne-Rhône-Alpes","Moins d'1 fois par mois","19","2019"
"MARSEILLE ST CHARLES","Provence-Alpes-Côte d'Azur","Moins d'1 fois par mois","2","2019"
"BORDEAUX ST JEAN","Nouvelle Aquitaine","Moins d'1 fois par mois","25","2019"
"TOURCOING","Hauts-de-France","Moins d'1 fois par mois","30","2019"
"BELLEGARDE (AIN)","Auvergne-Rhône-Alpes","Moins d'1 fois par mois","12","2019"
"GRENOBLE","Auvergne-Rhône-Alpes","Moins d'1 fois par mois","15","2019"
"METZ","Grand Est","Moins d'1 fois par mois","4","2019"
"REIMS","Grand Est","Moins d'1 fois par mois","14","2019"
"DIJON VILLE","Bourgogne-France-Comté","Moins d'1 fois par mois","6","2019"
"SAINT ETIENNE CHATEAUCREUX","Auvergne-Rhône-Alpes","Moins d'1 fois par mois","5","2019"
"MADRID","Bourgogne-France-Comté","Moins d'1 fois par mois","22","2019"
"BREST","Bretagne","Moins d'1 fois par mois","13","2019"
"ST MALO","Bretagne","Moins d'1 fois par mois","31","2019"
"TOULOUSE MATABIAU","Occitanie","Moins d'1 fois par mois","36","2019"
"VANNES","Bretagne","Moins d'1 fois par mois","23","2019"
"ARRAS","Hauts-de-France","Moins d'1 fois par mois","28","2019"
"DUNKERQUE","Hauts-de-France","Moins d'1 fois par mois","22","2019"
"AIX EN PROVENCE TGV","Provence-Alpes-Côte d'Azur","Moins d'1 fois par mois","30","2019"
"CHAMBERY CHALLES LES EAUX","Auvergne-Rhône-Alpes","Moins d'1 fois par mois","26","2019"
"LE CREUSOT MONTCEAU MONTCHANIN","Bourgogne-France-Comté","Moins d'1 fois par mois","0","2019"
"NICE VILLE","Provence-Alpes-Côte d'Azur","Moins d'1 fois par mois","17","2019"
"NIMES","Occitanie","Moins d'1 fois par mois","19","2019"
"ANGERS SAINT LAUD","Pays de la Loire","Tous les jours de la semaine ou presque","-3","2019"
"LA ROCHELLE VILLE","Nouvelle Aquitaine","Tous les jours de la semaine ou presque","27","2019"
"PARIS MONTPARNASSE","Île-de-France","Tous les jours de la semaine ou presque","41","2019"
"ST PIERRE DES CORPS","Centre-Val de loire","Tous les jours de la semaine ou presque","48","2019"
"LILLE","Hauts-de-France","Tous les jours de la semaine ou presque","44","2019"
"PARIS NORD","Île-de-France","Tous les jours de la semaine ou presque","22","2019"
"PARIS VAUGIRARD","Île-de-France","Tous les jours de la semaine ou presque","35","2019"
"ANNECY","Auvergne-Rhône-Alpes","Tous les jours de la semaine ou presque","27","2019"
"BESANCON FRANCHE COMTE TGV","Bourgogne-France-Comté","Tous les jours de la semaine ou presque","34","2019"
"MONTPELLIER","Occitanie","Tous les jours de la semaine ou presque","57","2019"
"MULHOUSE VILLE","Grand Est","Tous les jours de la semaine ou presque","10","2019"
"PARIS LYON","Île-de-France","Tous les jours de la semaine ou presque","59","2019"
"TOULON","Provence-Alpes-Côte d'Azur","Tous les jours de la semaine ou presque","49","2019"
"VALENCE ALIXAN TGV","Auvergne-Rhône-Alpes","Tous les jours de la semaine ou presque","53","2019"
"PARIS EST","Île-de-France","Tous les jours de la semaine ou presque","36","2019"
"ANGOULEME","Nouvelle Aquitaine","Tous les jours de la semaine ou presque","14","2019"
"LAVAL","Pays de la Loire","Tous les jours de la semaine ou presque","37","2019"
"RENNES","Bretagne","Tous les jours de la semaine ou presque","8","2019"
"NANTES","Pays de la Loire","Tous les jours de la semaine ou presque","10","2019"
"DOUAI","Hauts-de-France","Tous les jours de la semaine ou presque","50","2019"
"AVIGNON TGV","Provence-Alpes-Côte d'Azur","Tous les jours de la semaine ou presque","15","2019"
"MACON LOCHE","Centre-Val de loire","Tous les jours de la semaine ou presque","23","2019"
"MARNE LA VALLEE","Île-de-France","Tous les jours de la semaine ou presque","12","2019"
"PERPIGNAN","Occitanie","Tous les jours de la semaine ou presque","38","2019"
"LE MANS","Pays de la Loire","Tous les jours de la semaine ou presque","43","2019"
"POITIERS","Nouvelle Aquitaine","Tous les jours de la semaine ou presque","43","2019"
"QUIMPER","Bretagne","Tous les jours de la semaine ou presque","33","2019"
"TOURS","Centre-Val de loire","Tous les jours de la semaine ou presque","20","2019"
"NANCY","Grand Est","Tous les jours de la semaine ou presque","34","2019"
"STRASBOURG","Grand Est","Tous les jours de la semaine ou presque","17","2019"
"LYON PART DIEU","Auvergne-Rhône-Alpes","Tous les jours de la semaine ou presque","35","2019"
"MARSEILLE ST CHARLES","Provence-Alpes-Côte d'Azur","Tous les jours de la semaine ou presque","51","2019"
"BORDEAUX ST JEAN","Nouvelle Aquitaine","Tous les jours de la semaine ou presque","33","2019"
"TOURCOING","Hauts-de-France","Tous les jours de la semaine ou presque","28","2019"
"BELLEGARDE (AIN)","Auvergne-Rhône-Alpes","Tous les jours de la semaine ou presque","38","2019"
"GRENOBLE","Auvergne-Rhône-Alpes","Tous les jours de la semaine ou presque","36","2019"
"METZ","Grand Est","Tous les jours de la semaine ou presque","52","2019"
"REIMS","Grand Est","Tous les jours de la semaine ou presque","32","2019"
"DIJON VILLE","Bourgogne-France-Comté","Tous les jours de la semaine ou presque","40","2019"
"SAINT ETIENNE CHATEAUCREUX","Auvergne-Rhône-Alpes","Tous les jours de la semaine ou presque","50","2019"
"MADRID","Bourgogne-France-Comté","Tous les jours de la semaine ou presque","31","2019"
"BREST","Bretagne","Tous les jours de la semaine ou presque","44","2019"
"ST MALO","Bretagne","Tous les jours de la semaine ou presque","27","2019"
"TOULOUSE MATABIAU","Occitanie","Tous les jours de la semaine ou presque","26","2019"
"VANNES","Bretagne","Tous les jours de la semaine ou presque","40","2019"
"ARRAS","Hauts-de-France","Tous les jours de la semaine ou presque","38","2019"
"DUNKERQUE","Hauts-de-France","Tous les jours de la semaine ou presque","51","2019"
"AIX EN PROVENCE TGV","Provence-Alpes-Côte d'Azur","Tous les jours de la semaine ou presque","24","2019"
"CHAMBERY CHALLES LES EAUX","Auvergne-Rhône-Alpes","Tous les jours de la semaine ou presque","23","2019"
"LE CREUSOT MONTCEAU MONTCHANIN","Bourgogne-France-Comté","Tous les jours de la semaine ou presque","71","2019"
"NICE VILLE","Provence-Alpes-Côte d'Azur","Tous les jours de la semaine ou presque","37","2019"
"NIMES","Occitanie","Tous les jours de la semaine ou presque","42","2019"
"ANGERS SAINT LAUD","Pays de la Loire","1 à 2 fois par semaine","21","2020"
"LA ROCHELLE VILLE","Nouvelle Aquitaine","1 à 2 fois par semaine","6","2020"
"PARIS MONTPARNASSE","Île-de-France","1 à 2 fois par semaine","16","2020"
"ST PIERRE DES CORPS","Centre-Val de loire","1 à 2 fois par semaine","8","2020"
"LILLE","Hauts-de-France","1 à 2 fois par semaine","7","2020"
"PARIS NORD","Île-de-France","1 à 2 fois par semaine","10","2020"
"PARIS VAUGIRARD","Île-de-France","1 à 2 fois par semaine","11","2020"
"ANNECY","Auvergne-Rhône-Alpes","1 à 2 fois par semaine","12","2020"
"BESANCON FRANCHE COMTE TGV","Bourgogne-France-Comté","1 à 2 fois par semaine","17","2020"
"MONTPELLIER","Occitanie","1 à 2 fois par semaine","11","2020"
"MULHOUSE VILLE","Grand Est","1 à 2 fois par semaine","8","2020"
"PARIS LYON","Île-de-France","1 à 2 fois par semaine","10","2020"
"TOULON","Provence-Alpes-Côte d'Azur","1 à 2 fois par semaine","16","2020"
"VALENCE ALIXAN TGV","Auvergne-Rhône-Alpes","1 à 2 fois par semaine","22","2020"
"PARIS EST","Île-de-France","1 à 2 fois par semaine","14","2020"
"ANGOULEME","Nouvelle Aquitaine","1 à 2 fois par semaine","17","2020"
"LAVAL","Pays de la Loire","1 à 2 fois par semaine","16","2020"
"RENNES","Bretagne","1 à 2 fois par semaine","11","2020"
"NANTES","Pays de la Loire","1 à 2 fois par semaine","13","2020"
"DOUAI","Hauts-de-France","1 à 2 fois par semaine","11","2020"
"AVIGNON TGV","Provence-Alpes-Côte d'Azur","1 à 2 fois par semaine","16","2020"
"MACON LOCHE","Centre-Val de loire","1 à 2 fois par semaine","16","2020"
"MARNE LA VALLEE","Île-de-France","1 à 2 fois par semaine","15","2020"
"PERPIGNAN","Occitanie","1 à 2 fois par semaine","14","2020"
"LE MANS","Pays de la Loire","1 à 2 fois par semaine","12","2020"
"POITIERS","Nouvelle Aquitaine","1 à 2 fois par semaine","16","2020"
"QUIMPER","Bretagne","1 à 2 fois par semaine","12","2020"
"TOURS","Centre-Val de loire","1 à 2 fois par semaine","12","2020"
"NANCY","Grand Est","1 à 2 fois par semaine","11","2020"
"STRASBOURG","Grand Est","1 à 2 fois par semaine","14","2020"
"LYON PART DIEU","Auvergne-Rhône-Alpes","1 à 2 fois par semaine","14","2020"
"MARSEILLE ST CHARLES","Provence-Alpes-Côte d'Azur","1 à 2 fois par semaine","14","2020"
"BORDEAUX ST JEAN","Nouvelle Aquitaine","1 à 2 fois par semaine","12","2020"
"TOURCOING","Hauts-de-France","1 à 2 fois par semaine","18","2020"
"BELLEGARDE (AIN)","Auvergne-Rhône-Alpes","1 à 2 fois par semaine","12","2020"
"GRENOBLE","Auvergne-Rhône-Alpes","1 à 2 fois par semaine","20","2020"
"METZ","Grand Est","1 à 2 fois par semaine","15","2020"
"REIMS","Grand Est","1 à 2 fois par semaine","10","2020"
"DIJON VILLE","Bourgogne-France-Comté","1 à 2 fois par semaine","16","2020"
"SAINT ETIENNE CHATEAUCREUX","Auvergne-Rhône-Alpes","1 à 2 fois par semaine","10","2020"
"MADRID","Bourgogne-France-Comté","1 à 2 fois par semaine","15","2020"
"BREST","Bretagne","1 à 2 fois par semaine","17","2020"
"ST MALO","Bretagne","1 à 2 fois par semaine","10","2020"
"TOULOUSE MATABIAU","Occitanie","1 à 2 fois par semaine","9","2020"
"VANNES","Bretagne","1 à 2 fois par semaine","9","2020"
"ARRAS","Hauts-de-France","1 à 2 fois par semaine","11","2020"
"DUNKERQUE","Hauts-de-France","1 à 2 fois par semaine","18","2020"
"AIX EN PROVENCE TGV","Provence-Alpes-Côte d'Azur","1 à 2 fois par semaine","13","2020"
"CHAMBERY CHALLES LES EAUX","Auvergne-Rhône-Alpes","1 à 2 fois par semaine","9","2020"
"LE CREUSOT MONTCEAU MONTCHANIN","Bourgogne-France-Comté","1 à 2 fois par semaine","11","2020"
"NICE VILLE","Provence-Alpes-Côte d'Azur","1 à 2 fois par semaine","13","2020"
"NIMES","Occitanie","1 à 2 fois par semaine","16","2020"
"ANGERS SAINT LAUD","Pays de la Loire","1 ou plusieurs fois par mois","17","2020"
"LA ROCHELLE VILLE","Nouvelle Aquitaine","1 ou plusieurs fois par mois","14","2020"
"PARIS MONTPARNASSE","Île-de-France","1 ou plusieurs fois par mois","16","2020"
"ST PIERRE DES CORPS","Centre-Val de loire","1 ou plusieurs fois par mois","7","2020"
"LILLE","Hauts-de-France","1 ou plusieurs fois par mois","11","2020"
"PARIS NORD","Île-de-France","1 ou plusieurs fois par mois","18","2020"
"PARIS VAUGIRARD","Île-de-France","1 ou plusieurs fois par mois","29","2020"
"ANNECY","Auvergne-Rhône-Alpes","1 ou plusieurs fois par mois","16","2020"
"BESANCON FRANCHE COMTE TGV","Bourgogne-France-Comté","1 ou plusieurs fois par mois","21","2020"
"MONTPELLIER","Occitanie","1 ou plusieurs fois par mois","15","2020"
"MULHOUSE VILLE","Grand Est","1 ou plusieurs fois par mois","15","2020"
"PARIS LYON","Île-de-France","1 ou plusieurs fois par mois","28","2020"
"TOULON","Provence-Alpes-Côte d'Azur","1 ou plusieurs fois par mois","14","2020"
"VALENCE ALIXAN TGV","Auvergne-Rhône-Alpes","1 ou plusieurs fois par mois","21","2020"
"PARIS EST","Île-de-France","1 ou plusieurs fois par mois","12","2020"
"ANGOULEME","Nouvelle Aquitaine","1 ou plusieurs fois par mois","11","2020"
"LAVAL","Pays de la Loire","1 ou plusieurs fois par mois","12","2020"
"RENNES","Bretagne","1 ou plusieurs fois par mois","20","2020"
"NANTES","Pays de la Loire","1 ou plusieurs fois par mois","25","2020"
"DOUAI","Hauts-de-France","1 ou plusieurs fois par mois","14","2020"
"AVIGNON TGV","Provence-Alpes-Côte d'Azur","1 ou plusieurs fois par mois","12","2020"
"MACON LOCHE","Centre-Val de loire","1 ou plusieurs fois par mois","17","2020"
"MARNE LA VALLEE","Île-de-France","1 ou plusieurs fois par mois","17","2020"
"PERPIGNAN","Occitanie","1 ou plusieurs fois par mois","6","2020"
"LE MANS","Pays de la Loire","1 ou plusieurs fois par mois","17","2020"
"POITIERS","Nouvelle Aquitaine","1 ou plusieurs fois par mois","13","2020"
"QUIMPER","Bretagne","1 ou plusieurs fois par mois","18","2020"
"TOURS","Centre-Val de loire","1 ou plusieurs fois par mois","22","2020"
"NANCY","Grand Est","1 ou plusieurs fois par mois","14","2020"
"STRASBOURG","Grand Est","1 ou plusieurs fois par mois","22","2020"
"LYON PART DIEU","Auvergne-Rhône-Alpes","1 ou plusieurs fois par mois","21","2020"
"MARSEILLE ST CHARLES","Provence-Alpes-Côte d'Azur","1 ou plusieurs fois par mois","6","2020"
"BORDEAUX ST JEAN","Nouvelle Aquitaine","1 ou plusieurs fois par mois","20","2020"
"TOURCOING","Hauts-de-France","1 ou plusieurs fois par mois","13","2020"
"BELLEGARDE (AIN)","Auvergne-Rhône-Alpes","1 ou plusieurs fois par mois","20","2020"
"GRENOBLE","Auvergne-Rhône-Alpes","1 ou plusieurs fois par mois","19","2020"
"METZ","Grand Est","1 ou plusieurs fois par mois","25","2020"
"REIMS","Grand Est","1 ou plusieurs fois par mois","13","2020"
"DIJON VILLE","Bourgogne-France-Comté","1 ou plusieurs fois par mois","14","2020"
"SAINT ETIENNE CHATEAUCREUX","Auvergne-Rhône-Alpes","1 ou plusieurs fois par mois","11","2020"
"MADRID","Bourgogne-France-Comté","1 ou plusieurs fois par mois","18","2020"
"BREST","Bretagne","1 ou plusieurs fois par mois","21","2020"
"ST MALO","Bretagne","1 ou plusieurs fois par mois","14","2020"
"TOULOUSE MATABIAU","Occitanie","1 ou plusieurs fois par mois","22","2020"
"VANNES","Bretagne","1 ou plusieurs fois par mois","17","2020"
"ARRAS","Hauts-de-France","1 ou plusieurs fois par mois","10","2020"
"DUNKERQUE","Hauts-de-France","1 ou plusieurs fois par mois","22","2020"
"AIX EN PROVENCE TGV","Provence-Alpes-Côte d'Azur","1 ou plusieurs fois par mois","16","2020"
"CHAMBERY CHALLES LES EAUX","Auvergne-Rhône-Alpes","1 ou plusieurs fois par mois","18","2020"
"LE CREUSOT MONTCEAU MONTCHANIN","Bourgogne-France-Comté","1 ou plusieurs fois par mois","14","2020"
"NICE VILLE","Provence-Alpes-Côte d'Azur","1 ou plusieurs fois par mois","21","2020"
"NIMES","Occitanie","1 ou plusieurs fois par mois","8","2020"
"ANGERS SAINT LAUD","Pays de la Loire","C'est la première fois","14","2020"
"LA ROCHELLE VILLE","Nouvelle Aquitaine","C'est la première fois","14","2020"
"PARIS MONTPARNASSE","Île-de-France","C'est la première fois","17","2020"
"ST PIERRE DES CORPS","Centre-Val de loire","C'est la première fois","14","2020"
"LILLE","Hauts-de-France","C'est la première fois","12","2020"
"PARIS NORD","Île-de-France","C'est la première fois","3","2020"
"PARIS VAUGIRARD","Île-de-France","C'est la première fois","20","2020"
"ANNECY","Auvergne-Rhône-Alpes","C'est la première fois","4","2020"
"BESANCON FRANCHE COMTE TGV","Bourgogne-France-Comté","C'est la première fois","8","2020"
"MONTPELLIER","Occitanie","C'est la première fois","11","2020"
"MULHOUSE VILLE","Grand Est","C'est la première fois","12","2020"
"PARIS LYON","Île-de-France","C'est la première fois","2","2020"
"TOULON","Provence-Alpes-Côte d'Azur","C'est la première fois","7","2020"
"VALENCE ALIXAN TGV","Auvergne-Rhône-Alpes","C'est la première fois","5","2020"
"PARIS EST","Île-de-France","C'est la première fois","6","2020"
"ANGOULEME","Nouvelle Aquitaine","C'est la première fois","12","2020"
"LAVAL","Pays de la Loire","C'est la première fois","17","2020"
"RENNES","Bretagne","C'est la première fois","21","2020"
"NANTES","Pays de la Loire","C'est la première fois","5","2020"
"DOUAI","Hauts-de-France","C'est la première fois","13","2020"
"AVIGNON TGV","Provence-Alpes-Côte d'Azur","C'est la première fois","6","2020"
"MACON LOCHE","Centre-Val de loire","C'est la première fois","11","2020"
"MARNE LA VALLEE","Île-de-France","C'est la première fois","5","2020"
"PERPIGNAN","Occitanie","C'est la première fois","12","2020"
"LE MANS","Pays de la Loire","C'est la première fois","15","2020"
"POITIERS","Nouvelle Aquitaine","C'est la première fois","13","2020"
"QUIMPER","Bretagne","C'est la première fois","3","2020"
"TOURS","Centre-Val de loire","C'est la première fois","2","2020"
"NANCY","Grand Est","C'est la première fois","3","2020"
"STRASBOURG","Grand Est","C'est la première fois","6","2020"
"LYON PART DIEU","Auvergne-Rhône-Alpes","C'est la première fois","8","2020"
"MARSEILLE ST CHARLES","Provence-Alpes-Côte d'Azur","C'est la première fois","15","2020"
"BORDEAUX ST JEAN","Nouvelle Aquitaine","C'est la première fois","15","2020"
"TOURCOING","Hauts-de-France","C'est la première fois","16","2020"
"BELLEGARDE (AIN)","Auvergne-Rhône-Alpes","C'est la première fois","10","2020"
"GRENOBLE","Auvergne-Rhône-Alpes","C'est la première fois","6","2020"
"METZ","Grand Est","C'est la première fois","12","2020"
"REIMS","Grand Est","C'est la première fois","21","2020"
"DIJON VILLE","Bourgogne-France-Comté","C'est la première fois","9","2020"
"SAINT ETIENNE CHATEAUCREUX","Auvergne-Rhône-Alpes","C'est la première fois","5","2020"
"MADRID","Bourgogne-France-Comté","C'est la première fois","10","2020"
"BREST","Bretagne","C'est la première fois","13","2020"
"ST MALO","Bretagne","C'est la première fois","5","2020"
"TOULOUSE MATABIAU","Occitanie","C'est la première fois","3","2020"
"VANNES","Bretagne","C'est la première fois","7","2020"
"ARRAS","Hauts-de-France","C'est la première fois","18","2020"
"DUNKERQUE","Hauts-de-France","C'est la première fois","12","2020"
"AIX EN PROVENCE TGV","Provence-Alpes-Côte d'Azur","C'est la première fois","8","2020"
"CHAMBERY CHALLES LES EAUX","Auvergne-Rhône-Alpes","C'est la première fois","9","2020"
"LE CREUSOT MONTCEAU MONTCHANIN","Bourgogne-France-Comté","C'est la première fois","4","2020"
"NICE VILLE","Provence-Alpes-Côte d'Azur","C'est la première fois","13","2020"
"NIMES","Occitanie","C'est la première fois","14","2020"
"ANGERS SAINT LAUD","Pays de la Loire","Moins d'1 fois par mois","28","2020"
"LA ROCHELLE VILLE","Nouvelle Aquitaine","Moins d'1 fois par mois","16","2020"
"PARIS MONTPARNASSE","Île-de-France","Moins d'1 fois par mois","19","2020"
"ST PIERRE DES CORPS","Centre-Val de loire","Moins d'1 fois par mois","0","2020"
"LILLE","Hauts-de-France","Moins d'1 fois par mois","24","2020"
"PARIS NORD","Île-de-France","Moins d'1 fois par mois","39","2020"
"PARIS VAUGIRARD","Île-de-France","Moins d'1 fois par mois","22","2020"
"ANNECY","Auvergne-Rhône-Alpes","Moins d'1 fois par mois","22","2020"
"BESANCON FRANCHE COMTE TGV","Bourgogne-France-Comté","Moins d'1 fois par mois","23","2020"
"MONTPELLIER","Occitanie","Moins d'1 fois par mois","15","2020"
"MULHOUSE VILLE","Grand Est","Moins d'1 fois par mois","32","2020"
"PARIS LYON","Île-de-France","Moins d'1 fois par mois","39","2020"
"TOULON","Provence-Alpes-Côte d'Azur","Moins d'1 fois par mois","13","2020"
"VALENCE ALIXAN TGV","Auvergne-Rhône-Alpes","Moins d'1 fois par mois","11","2020"
"PARIS EST","Île-de-France","Moins d'1 fois par mois","6","2020"
"ANGOULEME","Nouvelle Aquitaine","Moins d'1 fois par mois","31","2020"
"LAVAL","Pays de la Loire","Moins d'1 fois par mois","21","2020"
"RENNES","Bretagne","Moins d'1 fois par mois","5","2020"
"NANTES","Pays de la Loire","Moins d'1 fois par mois","38","2020"
"DOUAI","Hauts-de-France","Moins d'1 fois par mois","15","2020"
"AVIGNON TGV","Provence-Alpes-Côte d'Azur","Moins d'1 fois par mois","5","2020"
"MACON LOCHE","Centre-Val de loire","Moins d'1 fois par mois","25","2020"
"MARNE LA VALLEE","Île-de-France","Moins d'1 fois par mois","12","2020"
"PERPIGNAN","Occitanie","Moins d'1 fois par mois","24","2020"
"LE MANS","Pays de la Loire","Moins d'1 fois par mois","2","2020"
"POITIERS","Nouvelle Aquitaine","Moins d'1 fois par mois","27","2020"
"QUIMPER","Bretagne","Moins d'1 fois par mois","14","2020"
"TOURS","Centre-Val de loire","Moins d'1 fois par mois","34","2020"
"NANCY","Grand Est","Moins d'1 fois par mois","19","2020"
"STRASBOURG","Grand Est","Moins d'1 fois par mois","25","2020"
"LYON PART DIEU","Auvergne-Rhône-Alpes","Moins d'1 fois par mois","33","2020"
"MARSEILLE ST CHARLES","Provence-Alpes-Côte d'Azur","Moins d'1 fois par mois","25","2020"
"BORDEAUX ST JEAN","Nouvelle Aquitaine","Moins d'1 fois par mois","24","2020"
"TOURCOING","Hauts-de-France","Moins d'1 fois par mois","8","2020"
"BELLEGARDE (AIN)","Auvergne-Rhône-Alpes","Moins d'1 fois par mois","11","2020"
"GRENOBLE","Auvergne-Rhône-Alpes","Moins d'1 fois par mois","6","2020"
"METZ","Grand Est","Moins d'1 fois par mois","38","2020"
"REIMS","Grand Est","Moins d'1 fois par mois","14","2020"
"DIJON VILLE","Bourgogne-France-Comté","Moins d'1 fois par mois","55","2020"
"SAINT ETIENNE CHATEAUCREUX","Auvergne-Rhône-Alpes","Moins d'1 fois par mois","50","2020"
"MADRID","Bourgogne-France-Comté","Moins d'1 fois par mois","1","2020"
"BREST","Bretagne","Moins d'1 fois par mois","23","2020"
"ST MALO","Bretagne","Moins d'1 fois par mois","3","2020"
"TOULOUSE MATABIAU","Occitanie","Moins d'1 fois par mois","38","2020"
"VANNES","Bretagne","Moins d'1 fois par mois","12","2020"
"ARRAS","Hauts-de-France","Moins d'1 fois par mois","28","2020"
"DUNKERQUE","Hauts-de-France","Moins d'1 fois par mois","16","2020"
"AIX EN PROVENCE TGV","Provence-Alpes-Côte d'Azur","Moins d'1 fois par mois","12","2020"
"CHAMBERY CHALLES LES EAUX","Auvergne-Rhône-Alpes","Moins d'1 fois par mois","8","2020"
"LE CREUSOT MONTCEAU MONTCHANIN","Bourgogne-France-Comté","Moins d'1 fois par mois","9","2020"
"NICE VILLE","Provence-Alpes-Côte d'Azur","Moins d'1 fois par mois","3","2020"
"NIMES","Occitanie","Moins d'1 fois par mois","2","2020"
"ANGERS SAINT LAUD","Pays de la Loire","Tous les jours de la semaine ou presque","20","2020"
"LA ROCHELLE VILLE","Nouvelle Aquitaine","Tous les jours de la semaine ou presque","50","2020"
"PARIS MONTPARNASSE","Île-de-France","Tous les jours de la semaine ou presque","32","2020"
"ST PIERRE DES CORPS","Centre-Val de loire","Tous les jours de la semaine ou presque","71","2020"
"LILLE","Hauts-de-France","Tous les jours de la semaine ou presque","46","2020"
"PARIS NORD","Île-de-France","Tous les jours de la semaine ou presque","30","2020"
"PARIS VAUGIRARD","Île-de-France","Tous les jours de la semaine ou presque","18","2020"
"ANNECY","Auvergne-Rhône-Alpes","Tous les jours de la semaine ou presque","46","2020"
"BESANCON FRANCHE COMTE TGV","Bourgogne-France-Comté","Tous les jours de la semaine ou presque","31","2020"
"MONTPELLIER","Occitanie","Tous les jours de la semaine ou presque","48","2020"
"MULHOUSE VILLE","Grand Est","Tous les jours de la semaine ou presque","33","2020"
"PARIS LYON","Île-de-France","Tous les jours de la semaine ou presque","21","2020"
"TOULON","Provence-Alpes-Côte d'Azur","Tous les jours de la semaine ou presque","50","2020"
"VALENCE ALIXAN TGV","Auvergne-Rhône-Alpes","Tous les jours de la semaine ou presque","41","2020"
"PARIS EST","Île-de-France","Tous les jours de la semaine ou presque","62","2020"
"ANGOULEME","Nouvelle Aquitaine","Tous les jours de la semaine ou presque","29","2020"
"LAVAL","Pays de la Loire","Tous les jours de la semaine ou presque","34","2020"
"RENNES","Bretagne","Tous les jours de la semaine ou presque","43","2020"
"NANTES","Pays de la Loire","Tous les jours de la semaine ou presque","19","2020"
"DOUAI","Hauts-de-France","Tous les jours de la semaine ou presque","47","2020"
"AVIGNON TGV","Provence-Alpes-Côte d'Azur","Tous les jours de la semaine ou presque","61","2020"
"MACON LOCHE","Centre-Val de loire","Tous les jours de la semaine ou presque","31","2020"
"MARNE LA VALLEE","Île-de-France","Tous les jours de la semaine ou presque","51","2020"
"PERPIGNAN","Occitanie","Tous les jours de la semaine ou presque","44","2020"
"LE MANS","Pays de la Loire","Tous les jours de la semaine ou presque","54","2020"
"POITIERS","Nouvelle Aquitaine","Tous les jours de la semaine ou presque","31","2020"
"QUIMPER","Bretagne","Tous les jours de la semaine ou presque","53","2020"
"TOURS","Centre-Val de loire","Tous les jours de la semaine ou presque","30","2020"
"NANCY","Grand Est","Tous les jours de la semaine ou presque","53","2020"
"STRASBOURG","Grand Est","Tous les jours de la semaine ou presque","33","2020"
"LYON PART DIEU","Auvergne-Rhône-Alpes","Tous les jours de la semaine ou presque","24","2020"
"MARSEILLE ST CHARLES","Provence-Alpes-Côte d'Azur","Tous les jours de la semaine ou presque","40","2020"
"BORDEAUX ST JEAN","Nouvelle Aquitaine","Tous les jours de la semaine ou presque","29","2020"
"TOURCOING","Hauts-de-France","Tous les jours de la semaine ou presque","45","2020"
"BELLEGARDE (AIN)","Auvergne-Rhône-Alpes","Tous les jours de la semaine ou presque","47","2020"
"GRENOBLE","Auvergne-Rhône-Alpes","Tous les jours de la semaine ou presque","49","2020"
"METZ","Grand Est","Tous les jours de la semaine ou presque","10","2020"
"REIMS","Grand Est","Tous les jours de la semaine ou presque","42","2020"
"DIJON VILLE","Bourgogne-France-Comté","Tous les jours de la semaine ou presque","6","2020"
"SAINT ETIENNE CHATEAUCREUX","Auvergne-Rhône-Alpes","Tous les jours de la semaine ou presque","24","2020"
"MADRID","Bourgogne-France-Comté","Tous les jours de la semaine ou presque","56","2020"
"BREST","Bretagne","Tous les jours de la semaine ou presque","26","2020"
"ST MALO","Bretagne","Tous les jours de la semaine ou presque","68","2020"
"TOULOUSE MATABIAU","Occitanie","Tous les jours de la semaine ou presque","28","2020"
"VANNES","Bretagne","Tous les jours de la semaine ou presque","55","2020"
"ARRAS","Hauts-de-France","Tous les jours de la semaine ou presque","33","2020"
"DUNKERQUE","Hauts-de-France","Tous les jours de la semaine ou presque","32","2020"
"AIX EN PROVENCE TGV","Provence-Alpes-Côte d'Azur","Tous les jours de la semaine ou presque","51","2020"
"CHAMBERY CHALLES LES EAUX","Auvergne-Rhône-Alpes","Tous les jours de la semaine ou presque","56","2020"
"LE CREUSOT MONTCEAU MONTCHANIN","Bourgogne-France-Comté","Tous les jours de la semaine ou presque","62","2020"
"NICE VILLE","Provence-Alpes-Côte d'Azur","Tous les jours de la semaine ou presque","50","2020"
"NIMES","Occitanie","Tous les jours de la semaine ou presque","60","2020"
"ANGERS SAINT LAUD","Pays de la Loire","1 à 2 fois par semaine","22","2021"
"LA ROCHELLE VILLE","Nouvelle Aquitaine","1 à 2 fois par semaine","6","2021"
"PARIS MONTPARNASSE","Île-de-France","1 à 2 fois par semaine","15","2021"
"ST PIERRE DES CORPS","Centre-Val de loire","1 à 2 fois par semaine","18","2021"
"LILLE","Hauts-de-France","1 à 2 fois par semaine","20","2021"
"PARIS NORD","Île-de-France","1 à 2 fois par semaine","17","2021"
"PARIS VAUGIRARD","Île-de-France","1 à 2 fois par semaine","19","2021"
"ANNECY","Auvergne-Rhône-Alpes","1 à 2 fois par semaine","14","2021"
"BESANCON FRANCHE COMTE TGV","Bourgogne-France-Comté","1 à 2 fois par semaine","17","2021"
"MONTPELLIER","Occitanie","1 à 2 fois par semaine","19","2021"
"MULHOUSE VILLE","Grand Est","1 à 2 fois par semaine","12","2021"
"PARIS LYON","Île-de-France","1 à 2 fois par semaine","19","2021"
"TOULON","Provence-Alpes-Côte d'Azur","1 à 2 fois par semaine","10","2021"
"VALENCE ALIXAN TGV","Auvergne-Rhône-Alpes","1 à 2 fois par semaine","8","2021"
"PARIS EST","Île-de-France","1 à 2 fois par semaine","12","2021"
"ANGOULEME","Nouvelle Aquitaine","1 à 2 fois par semaine","24","2021"
"LAVAL","Pays de la Loire","1 à 2 fois par semaine","13","2021"
"RENNES","Bretagne","1 à 2 fois par semaine","10","2021"
"NANTES","Pays de la Loire","1 à 2 fois par semaine","13","2021"
"DOUAI","Hauts-de-France","1 à 2 fois par semaine","20","2021"
"AVIGNON TGV","Provence-Alpes-Côte d'Azur","1 à 2 fois par semaine","5","2021"
"MACON LOCHE","Centre-Val de loire","1 à 2 fois par semaine","21","2021"
"MARNE LA VALLEE","Île-de-France","1 à 2 fois par semaine","8","2021"
"PERPIGNAN","Occitanie","1 à 2 fois par semaine","11","2021"
"LE MANS","Pays de la Loire","1 à 2 fois par semaine","18","2021"
"POITIERS","Nouvelle Aquitaine","1 à 2 fois par semaine","17","2021"
"QUIMPER","Bretagne","1 à 2 fois par semaine","22","2021"
"TOURS","Centre-Val de loire","1 à 2 fois par semaine","13","2021"
"NANCY","Grand Est","1 à 2 fois par semaine","12","2021"
"STRASBOURG","Grand Est","1 à 2 fois par semaine","16","2021"
"LYON PART DIEU","Auvergne-Rhône-Alpes","1 à 2 fois par semaine","20","2021"
"MARSEILLE ST CHARLES","Provence-Alpes-Côte d'Azur","1 à 2 fois par semaine","13","2021"
"BORDEAUX ST JEAN","Nouvelle Aquitaine","1 à 2 fois par semaine","15","2021"
"TOURCOING","Hauts-de-France","1 à 2 fois par semaine","20","2021"
"BELLEGARDE (AIN)","Auvergne-Rhône-Alpes","1 à 2 fois par semaine","17","2021"
"GRENOBLE","Auvergne-Rhône-Alpes","1 à 2 fois par semaine","11","2021"
"METZ","Grand Est","1 à 2 fois par semaine","22","2021"
"REIMS","Grand Est","1 à 2 fois par semaine","18","2021"
"DIJON VILLE","Bourgogne-France-Comté","1 à 2 fois par semaine","15","2021"
"SAINT ETIENNE CHATEAUCREUX","Auvergne-Rhône-Alpes","1 à 2 fois par semaine","22","2021"
"MADRID","Bourgogne-France-Comté","1 à 2 fois par semaine","21","2021"
"BREST","Bretagne","1 à 2 fois par semaine","17","2021"
"ST MALO","Bretagne","1 à 2 fois par semaine","16","2021"
"TOULOUSE MATABIAU","Occitanie","1 à 2 fois par semaine","9","2021"
"VANNES","Bretagne","1 à 2 fois par semaine","8","2021"
"ARRAS","Hauts-de-France","1 à 2 fois par semaine","12","2021"
"DUNKERQUE","Hauts-de-France","1 à 2 fois par semaine","15","2021"
"AIX EN PROVENCE TGV","Provence-Alpes-Côte d'Azur","1 à 2 fois par semaine","10","2021"
"CHAMBERY CHALLES LES EAUX","Auvergne-Rhône-Alpes","1 à 2 fois par semaine","11","2021"
"LE CREUSOT MONTCEAU MONTCHANIN","Bourgogne-France-Comté","1 à 2 fois par semaine","14","2021"
"NICE VILLE","Provence-Alpes-Côte d'Azur","1 à 2 fois par semaine","15","2021"
"NIMES","Occitanie","1 à 2 fois par semaine","20","2021"
"ANGERS SAINT LAUD","Pays de la Loire","1 ou plusieurs fois par mois","11","2021"
"LA ROCHELLE VILLE","Nouvelle Aquitaine","1 ou plusieurs fois par mois","27","2021"
"PARIS MONTPARNASSE","Île-de-France","1 ou plusieurs fois par mois","12","2021"
"ST PIERRE DES CORPS","Centre-Val de loire","1 ou plusieurs fois par mois","16","2021"
"LILLE","Hauts-de-France","1 ou plusieurs fois par mois","14","2021"
"PARIS NORD","Île-de-France","1 ou plusieurs fois par mois","16","2021"
"PARIS VAUGIRARD","Île-de-France","1 ou plusieurs fois par mois","16","2021"
"ANNECY","Auvergne-Rhône-Alpes","1 ou plusieurs fois par mois","25","2021"
"BESANCON FRANCHE COMTE TGV","Bourgogne-France-Comté","1 ou plusieurs fois par mois","24","2021"
"MONTPELLIER","Occitanie","1 ou plusieurs fois par mois","15","2021"
"MULHOUSE VILLE","Grand Est","1 ou plusieurs fois par mois","20","2021"
"PARIS LYON","Île-de-France","1 ou plusieurs fois par mois","17","2021"
"TOULON","Provence-Alpes-Côte d'Azur","1 ou plusieurs fois par mois","23","2021"
"VALENCE ALIXAN TGV","Auvergne-Rhône-Alpes","1 ou plusieurs fois par mois","15","2021"
"PARIS EST","Île-de-France","1 ou plusieurs fois par mois","11","2021"
"ANGOULEME","Nouvelle Aquitaine","1 ou plusieurs fois par mois","18","2021"
"LAVAL","Pays de la Loire","1 ou plusieurs fois par mois","13","2021"
"RENNES","Bretagne","1 ou plusieurs fois par mois","11","2021"
"NANTES","Pays de la Loire","1 ou plusieurs fois par mois","8","2021"
"DOUAI","Hauts-de-France","1 ou plusieurs fois par mois","16","2021"
"AVIGNON TGV","Provence-Alpes-Côte d'Azur","1 ou plusieurs fois par mois","18","2021"
"MACON LOCHE","Centre-Val de loire","1 ou plusieurs fois par mois","17","2021"
"MARNE LA VALLEE","Île-de-France","1 ou plusieurs fois par mois","15","2021"
"PERPIGNAN","Occitanie","1 ou plusieurs fois par mois","14","2021"
"LE MANS","Pays de la Loire","1 ou plusieurs fois par mois","21","2021"
"POITIERS","Nouvelle Aquitaine","1 ou plusieurs fois par mois","12","2021"
"QUIMPER","Bretagne","1 ou plusieurs fois par mois","16","2021"
"TOURS","Centre-Val de loire","1 ou plusieurs fois par mois","19","2021"
"NANCY","Grand Est","1 ou plusieurs fois par mois","19","2021"
"STRASBOURG","Grand Est","1 ou plusieurs fois par mois","16","2021"
"LYON PART DIEU","Auvergne-Rhône-Alpes","1 ou plusieurs fois par mois","12","2021"
"MARSEILLE ST CHARLES","Provence-Alpes-Côte d'Azur","1 ou plusieurs fois par mois","17","2021"
"BORDEAUX ST JEAN","Nouvelle Aquitaine","1 ou plusieurs fois par mois","15","2021"
"TOURCOING","Hauts-de-France","1 ou plusieurs fois par mois","17","2021"
"BELLEGARDE (AIN)","Auvergne-Rhône-Alpes","1 ou plusieurs fois par mois","27","2021"
"GRENOBLE","Auvergne-Rhône-Alpes","1 ou plusieurs fois par mois","13","2021"
"METZ","Grand Est","1 ou plusieurs fois par mois","21","2021"
"REIMS","Grand Est","1 ou plusieurs fois par mois","20","2021"
"DIJON VILLE","Bourgogne-France-Comté","1 ou plusieurs fois par mois","13","2021"
"SAINT ETIENNE CHATEAUCREUX","Auvergne-Rhône-Alpes","1 ou plusieurs fois par mois","17","2021"
"MADRID","Bourgogne-France-Comté","1 ou plusieurs fois par mois","26","2021"
"BREST","Bretagne","1 ou plusieurs fois par mois","28","2021"
"ST MALO","Bretagne","1 ou plusieurs fois par mois","24","2021"
"TOULOUSE MATABIAU","Occitanie","1 ou plusieurs fois par mois","12","2021"
"VANNES","Bretagne","1 ou plusieurs fois par mois","22","2021"
"ARRAS","Hauts-de-France","1 ou plusieurs fois par mois","17","2021"
"DUNKERQUE","Hauts-de-France","1 ou plusieurs fois par mois","21","2021"
"AIX EN PROVENCE TGV","Provence-Alpes-Côte d'Azur","1 ou plusieurs fois par mois","20","2021"
"CHAMBERY CHALLES LES EAUX","Auvergne-Rhône-Alpes","1 ou plusieurs fois par mois","21","2021"
"LE CREUSOT MONTCEAU MONTCHANIN","Bourgogne-France-Comté","1 ou plusieurs fois par mois","20","2021"
"NICE VILLE","Provence-Alpes-Côte d'Azur","1 ou plusieurs fois par mois","17","2021"
"NIMES","Occitanie","1 ou plusieurs fois par mois","17","2021"
"ANGERS SAINT LAUD","Pays de la Loire","C'est la première fois","3","2021"
"LA ROCHELLE VILLE","Nouvelle Aquitaine","C'est la première fois","14","2021"
"PARIS MONTPARNASSE","Île-de-France","C'est la première fois","4","2021"
"ST PIERRE DES CORPS","Centre-Val de loire","C'est la première fois","15","2021"
"LILLE","Hauts-de-France","C'est la première fois","13","2021"
"PARIS NORD","Île-de-France","C'est la première fois","14","2021"
"PARIS VAUGIRARD","Île-de-France","C'est la première fois","8","2021"
"ANNECY","Auvergne-Rhône-Alpes","C'est la première fois","2","2021"
"BESANCON FRANCHE COMTE TGV","Bourgogne-France-Comté","C'est la première fois","11","2021"
"MONTPELLIER","Occitanie","C'est la première fois","3","2021"
"MULHOUSE VILLE","Grand Est","C'est la première fois","10","2021"
"PARIS LYON","Île-de-France","C'est la première fois","14","2021"
"TOULON","Provence-Alpes-Côte d'Azur","C'est la première fois","2","2021"
"VALENCE ALIXAN TGV","Auvergne-Rhône-Alpes","C'est la première fois","9","2021"
"PARIS EST","Île-de-France","C'est la première fois","12","2021"
"ANGOULEME","Nouvelle Aquitaine","C'est la première fois","4","2021"
"LAVAL","Pays de la Loire","C'est la première fois","1","2021"
"RENNES","Bretagne","C'est la première fois","15","2021"
"NANTES","Pays de la Loire","C'est la première fois","19","2021"
"DOUAI","Hauts-de-France","C'est la première fois","12","2021"
"AVIGNON TGV","Provence-Alpes-Côte d'Azur","C'est la première fois","14","2021"
"MACON LOCHE","Centre-Val de loire","C'est la première fois","2","2021"
"MARNE LA VALLEE","Île-de-France","C'est la première fois","4","2021"
"PERPIGNAN","Occitanie","C'est la première fois","10","2021"
"LE MANS","Pays de la Loire","C'est la première fois","6","2021"
"POITIERS","Nouvelle Aquitaine","C'est la première fois","1","2021"
"QUIMPER","Bretagne","C'est la première fois","14","2021"
"TOURS","Centre-Val de loire","C'est la première fois","2","2021"
"NANCY","Grand Est","C'est la première fois","11","2021"
"STRASBOURG","Grand Est","C'est la première fois","22","2021"
"LYON PART DIEU","Auvergne-Rhône-Alpes","C'est la première fois","17","2021"
"MARSEILLE ST CHARLES","Provence-Alpes-Côte d'Azur","C'est la première fois","7","2021"
"BORDEAUX ST JEAN","Nouvelle Aquitaine","C'est la première fois","15","2021"
"TOURCOING","Hauts-de-France","C'est la première fois","22","2021"
"BELLEGARDE (AIN)","Auvergne-Rhône-Alpes","C'est la première fois","12","2021"
"GRENOBLE","Auvergne-Rhône-Alpes","C'est la première fois","15","2021"
"METZ","Grand Est","C'est la première fois","13","2021"
"REIMS","Grand Est","C'est la première fois","17","2021"
"DIJON VILLE","Bourgogne-France-Comté","C'est la première fois","19","2021"
"SAINT ETIENNE CHATEAUCREUX","Auvergne-Rhône-Alpes","C'est la première fois","8","2021"
"MADRID","Bourgogne-France-Comté","C'est la première fois","11","2021"
"BREST","Bretagne","C'est la première fois","8","2021"
"ST MALO","Bretagne","C'est la première fois","25","2021"
"TOULOUSE MATABIAU","Occitanie","C'est la première fois","26","2021"
"VANNES","Bretagne","C'est la première fois","11","2021"
"ARRAS","Hauts-de-France","C'est la première fois","12","2021"
"DUNKERQUE","Hauts-de-France","C'est la première fois","24","2021"
"AIX EN PROVENCE TGV","Provence-Alpes-Côte d'Azur","C'est la première fois","19","2021"
"CHAMBERY CHALLES LES EAUX","Auvergne-Rhône-Alpes","C'est la première fois","6","2021"
"LE CREUSOT MONTCEAU MONTCHANIN","Bourgogne-France-Comté","C'est la première fois","21","2021"
"NICE VILLE","Provence-Alpes-Côte d'Azur","C'est la première fois","26","2021"
"NIMES","Occitanie","C'est la première fois","10","2021"
"ANGERS SAINT LAUD","Pays de la Loire","Moins d'1 fois par mois","8","2021"
"LA ROCHELLE VILLE","Nouvelle Aquitaine","Moins d'1 fois par mois","44","2021"
"PARIS MONTPARNASSE","Île-de-France","Moins d'1 fois par mois","25","2021"
"ST PIERRE DES CORPS","Centre-Val de loire","Moins d'1 fois par mois","14","2021"
"LILLE","Hauts-de-France","Moins d'1 fois par mois","25","2021"
"PARIS NORD","Île-de-France","Moins d'1 fois par mois","29","2021"
"PARIS VAUGIRARD","Île-de-France","Moins d'1 fois par mois","3","2021"
"ANNECY","Auvergne-Rhône-Alpes","Moins d'1 fois par mois","43","2021"
"BESANCON FRANCHE COMTE TGV","Bourgogne-France-Comté","Moins d'1 fois par mois","26","2021"
"MONTPELLIER","Occitanie","Moins d'1 fois par mois","13","2021"
"MULHOUSE VILLE","Grand Est","Moins d'1 fois par mois","0","2021"
"PARIS LYON","Île-de-France","Moins d'1 fois par mois","20","2021"
"TOULON","Provence-Alpes-Côte d'Azur","Moins d'1 fois par mois","31","2021"
"VALENCE ALIXAN TGV","Auvergne-Rhône-Alpes","Moins d'1 fois par mois","31","2021"
"PARIS EST","Île-de-France","Moins d'1 fois par mois","19","2021"
"ANGOULEME","Nouvelle Aquitaine","Moins d'1 fois par mois","4","2021"
"LAVAL","Pays de la Loire","Moins d'1 fois par mois","34","2021"
"RENNES","Bretagne","Moins d'1 fois par mois","26","2021"
"NANTES","Pays de la Loire","Moins d'1 fois par mois","30","2021"
"DOUAI","Hauts-de-France","Moins d'1 fois par mois","2","2021"
"AVIGNON TGV","Provence-Alpes-Côte d'Azur","Moins d'1 fois par mois","28","2021"
"MACON LOCHE","Centre-Val de loire","Moins d'1 fois par mois","36","2021"
"MARNE LA VALLEE","Île-de-France","Moins d'1 fois par mois","35","2021"
"PERPIGNAN","Occitanie","Moins d'1 fois par mois","15","2021"
"LE MANS","Pays de la Loire","Moins d'1 fois par mois","21","2021"
"POITIERS","Nouvelle Aquitaine","Moins d'1 fois par mois","4","2021"
"QUIMPER","Bretagne","Moins d'1 fois par mois","23","2021"
"TOURS","Centre-Val de loire","Moins d'1 fois par mois","23","2021"
"NANCY","Grand Est","Moins d'1 fois par mois","12","2021"
"STRASBOURG","Grand Est","Moins d'1 fois par mois","20","2021"
"LYON PART DIEU","Auvergne-Rhône-Alpes","Moins d'1 fois par mois","24","2021"
"MARSEILLE ST CHARLES","Provence-Alpes-Côte d'Azur","Moins d'1 fois par mois","2","2021"
"BORDEAUX ST JEAN","Nouvelle Aquitaine","Moins d'1 fois par mois","6","2021"
"TOURCOING","Hauts-de-France","Moins d'1 fois par mois","15","2021"
"BELLEGARDE (AIN)","Auvergne-Rhône-Alpes","Moins d'1 fois par mois","11","2021"
"GRENOBLE","Auvergne-Rhône-Alpes","Moins d'1 fois par mois","30","2021"
"METZ","Grand Est","Moins d'1 fois par mois","18","2021"
"REIMS","Grand Est","Moins d'1 fois par mois","17","2021"
"DIJON VILLE","Bourgogne-France-Comté","Moins d'1 fois par mois","8","2021"
"SAINT ETIENNE CHATEAUCREUX","Auvergne-Rhône-Alpes","Moins d'1 fois par mois","21","2021"
"MADRID","Bourgogne-France-Comté","Moins d'1 fois par mois","13","2021"
"BREST","Bretagne","Moins d'1 fois par mois","19","2021"
"ST MALO","Bretagne","Moins d'1 fois par mois","9","2021"
"TOULOUSE MATABIAU","Occitanie","Moins d'1 fois par mois","21","2021"
"VANNES","Bretagne","Moins d'1 fois par mois","26","2021"
"ARRAS","Hauts-de-France","Moins d'1 fois par mois","2","2021"
"DUNKERQUE","Hauts-de-France","Moins d'1 fois par mois","22","2021"
"AIX EN PROVENCE TGV","Provence-Alpes-Côte d'Azur","Moins d'1 fois par mois","58","2021"
"CHAMBERY CHALLES LES EAUX","Auvergne-Rhône-Alpes","Moins d'1 fois par mois","28","2021"
"LE CREUSOT MONTCEAU MONTCHANIN","Bourgogne-France-Comté","Moins d'1 fois par mois","23","2021"
"NICE VILLE","Provence-Alpes-Côte d'Azur","Moins d'1 fois par mois","15","2021"
"NIMES","Occitanie","Moins d'1 fois par mois","22","2021"
"ANGERS SAINT LAUD","Pays de la Loire","Tous les jours de la semaine ou presque","56","2021"
"LA ROCHELLE VILLE","Nouvelle Aquitaine","Tous les jours de la semaine ou presque","9","2021"
"PARIS MONTPARNASSE","Île-de-France","Tous les jours de la semaine ou presque","44","2021"
"ST PIERRE DES CORPS","Centre-Val de loire","Tous les jours de la semaine ou presque","37","2021"
"LILLE","Hauts-de-France","Tous les jours de la semaine ou presque","28","2021"
"PARIS NORD","Île-de-France","Tous les jours de la semaine ou presque","24","2021"
"PARIS VAUGIRARD","Île-de-France","Tous les jours de la semaine ou presque","54","2021"
"ANNECY","Auvergne-Rhône-Alpes","Tous les jours de la semaine ou presque","16","2021"
"BESANCON FRANCHE COMTE TGV","Bourgogne-France-Comté","Tous les jours de la semaine ou presque","22","2021"
"MONTPELLIER","Occitanie","Tous les jours de la semaine ou presque","50","2021"
"MULHOUSE VILLE","Grand Est","Tous les jours de la semaine ou presque","58","2021"
"PARIS LYON","Île-de-France","Tous les jours de la semaine ou presque","30","2021"
"TOULON","Provence-Alpes-Côte d'Azur","Tous les jours de la semaine ou presque","34","2021"
"VALENCE ALIXAN TGV","Auvergne-Rhône-Alpes","Tous les jours de la semaine ou presque","37","2021"
"PARIS EST","Île-de-France","Tous les jours de la semaine ou presque","46","2021"
"ANGOULEME","Nouvelle Aquitaine","Tous les jours de la semaine ou presque","50","2021"
"LAVAL","Pays de la Loire","Tous les jours de la semaine ou presque","39","2021"
"RENNES","Bretagne","Tous les jours de la semaine ou presque","38","2021"
"NANTES","Pays de la Loire","Tous les jours de la semaine ou presque","30","2021"
"DOUAI","Hauts-de-France","Tous les jours de la semaine ou presque","50","2021"
"AVIGNON TGV","Provence-Alpes-Côte d'Azur","Tous les jours de la semaine ou presque","35","2021"
"MACON LOCHE","Centre-Val de loire","Tous les jours de la semaine ou presque","24","2021"
"MARNE LA VALLEE","Île-de-France","Tous les jours de la semaine ou presque","38","2021"
"PERPIGNAN","Occitanie","Tous les jours de la semaine ou presque","50","2021"
"LE MANS","Pays de la Loire","Tous les jours de la semaine ou presque","34","2021"
"POITIERS","Nouvelle Aquitaine","Tous les jours de la semaine ou presque","66","2021"
"QUIMPER","Bretagne","Tous les jours de la semaine ou presque","25","2021"
"TOURS","Centre-Val de loire","Tous les jours de la semaine ou presque","43","2021"
"NANCY","Grand Est","Tous les jours de la semaine ou presque","46","2021"
"STRASBOURG","Grand Est","Tous les jours de la semaine ou presque","26","2021"
"LYON PART DIEU","Auvergne-Rhône-Alpes","Tous les jours de la semaine ou presque","27","2021"
"MARSEILLE ST CHARLES","Provence-Alpes-Côte d'Azur","Tous les jours de la semaine ou presque","61","2021"
"BORDEAUX ST JEAN","Nouvelle Aquitaine","Tous les jours de la semaine ou presque","49","2021"
"TOURCOING","Hauts-de-France","Tous les jours de la semaine ou presque","26","2021"
"BELLEGARDE (AIN)","Auvergne-Rhône-Alpes","Tous les jours de la semaine ou presque","33","2021"
"GRENOBLE","Auvergne-Rhône-Alpes","Tous les jours de la semaine ou presque","31","2021"
"METZ","Grand Est","Tous les jours de la semaine ou presque","26","2021"
"REIMS","Grand Est","Tous les jours de la semaine ou presque","28","2021"
"DIJON VILLE","Bourgogne-France-Comté","Tous les jours de la semaine ou presque","45","2021"
"SAINT ETIENNE CHATEAUCREUX","Auvergne-Rhône-Alpes","Tous les jours de la semaine ou presque","32","2021"
"MADRID","Bourgogne-France-Comté","Tous les jours de la semaine ou presque","29","2021"
"BREST","Bretagne","Tous les jours de la semaine ou presque","28","2021"
"ST MALO","Bretagne","Tous les jours de la semaine ou presque","26","2021"
"TOULOUSE MATABIAU","Occitanie","Tous les jours de la semaine ou presque","32","2021"
"VANNES","Bretagne","Tous les jours de la semaine ou presque","33","2021"
"ARRAS","Hauts-de-France","Tous les jours de la semaine ou presque","57","2021"
"DUNKERQUE","Hauts-de-France","Tous les jours de la semaine ou presque","18","2021"
"AIX EN PROVENCE TGV","Provence-Alpes-Côte d'Azur","Tous les jours de la semaine ou presque","-7","2021"
"CHAMBERY CHALLES LES EAUX","Auvergne-Rhône-Alpes","Tous les jours de la semaine ou presque","34","2021"
"LE CREUSOT MONTCEAU MONTCHANIN","Bourgogne-France-Comté","Tous les jours de la semaine ou presque","22","2021"
"NICE VILLE","Provence-Alpes-Côte d'Azur","Tous les jours de la semaine ou presque","27","2021"
"NIMES","Occitanie","Tous les jours de la semaine ou presque","31","2021"
